<?xml version="1.0" encoding="UTF-8"?>
<beans xmlns="http://www.springframework.org/schema/beans"
	xmlns:xsi="http://www.w3.org/2001/XMLSchema-instance" xmlns:mvc="http://www.springframework.org/schema/mvc"
	xmlns:context="http://www.springframework.org/schema/context"
	xsi:schemaLocation="http://www.springframework.org/schema/mvc http://www.springframework.org/schema/mvc/spring-mvc-4.0.xsd
		http://www.springframework.org/schema/beans http://www.springframework.org/schema/beans/spring-beans.xsd
		http://www.springframework.org/schema/context http://www.springframework.org/schema/context/spring-context-4.0.xsd">



	<!-- 配置注解扫描包 -->
	<context:component-scan base-package="controller"></context:component-scan>

	<!-- 开启注解 -->
	<mvc:annotation-driven></mvc:annotation-driven>

	<!-- 配置视图分解器 -->
	<bean id="viewResolver"
		class="org.springframework.web.servlet.view.InternalResourceViewResolver">

		<property name="prefix" value="/"></property>
		<property name="suffix" value=".jsp"></property>
	</bean>

	<!-- 静态资源访问 -->
	<mvc:resources location="/css/" mapping="/css/**" />	
	<mvc:resources location="/bootstrap/" mapping="/bootstrap/**" />
	<mvc:resources location="/image/" mapping="/image/**" />
	<mvc:resources location="/js/" mapping="/js/**" />
	<mvc:resources location="/electron/" mapping="/electron/**" />
	<mvc:resources location="/images/" mapping="/images/**" />
	
	<!--  
	<mvc:resources location="/resource/" mapping="/resource/**" />
	<mvc:resources location="/music/" mapping="/music/**" />
	<mvc:resources location="/ueditor/" mapping="/ueditor/**" />
     -->
</beans>
