<?xml version="1.0"?>
<!DOCTYPE hibernate-mapping PUBLIC "-//Hibernate/Hibernate Mapping DTD 3.0//EN"
"http://hibernate.sourceforge.net/hibernate-mapping-3.0.dtd">
<!-- Generated 2015-1-7 21:46:33 by Hibernate Tools 3.4.0.CR1 -->
<hibernate-mapping>
    <class name="model.User" table="users">
        <id name="userid" type="int">
            <column name="userid" />
            <generator class="native" />
        </id>
        <property name="username" type="java.lang.String">
            <column name="username" />
        </property>
        <property name="password" type="java.lang.String">
            <column name="password" />
        </property>
        <property name="email" type="java.lang.String">
            <column name="email" />
        </property>
        <property name="phone" type="java.lang.String">
            <column name="phone" />
        </property>
        <property name="realname" type="java.lang.String">
            <column name="realname" />
        </property>
        <property name="sex" type="java.lang.String">
            <column name="sex" />
        </property>
        <property name="livingplace" type="java.lang.String">
            <column name="livingplace" />
        </property>
        <property name="hometown" type="java.lang.String">
            <column name="hometown" />
        </property>
        <property name="acount" type="java.lang.String">
            <column name="acount" />
        </property>
        <property name="registdate" type="java.lang.String">
            <column name="registdate" />
        </property>
       
    </class>
</hibernate-mapping>
